package,DownloadsPerYear,DisplayRating,CalculatedRating
a2dp.Vol,31806.724980453477,4.02,4.125
ac.robinson.mediaphone,6003.221260541499,3.2857144,3.215686274509804
app.fedilab.tubelab,555.8782435129741,0.0,3.7142857142857144
app.michaelwuensch.bitbanana,1963.2764505119453,0.0,4.4
app.reading.stoic.stoicreading2,23.357211079274112,0.0,5.0
au.com.darkside.XServer,6034.719222462203,3.6764705,3.6881720430107525
btools.routingapp,31607.775483870966,3.3939395,3.9910714285714284
ca.farrelltonsolar.classic,1503.983097055616,4.64557,4.556962025316456
ca.rmen.android.scrumchatter,86.82897286821705,0.0,5.0
cc.calliope.mini,2100.528752436647,0.0,1.0
ch.hgdev.toposuite,743.2383419689119,0.0,5.0
ch.logixisland.anuto,3809.329849369812,4.1754384,4.386666666666667
cityfreqs.com.pilfershushjammer,27602.799244015117,4.31,3.91044776119403
com.MarcosDiez.shareviahttp,6514.937317175094,4.4347825,4.411522633744856
com.abhijitvalluri.android.fitnotifications,39624.71842447917,4.24,3.93687374749499
com.achep.acdisplay,320272.2120418849,3.4140127,3.7909035779260156
com.adguard.android.contentblocker,1787088.1804782182,3.3342938,3.727346060769024
com.afkanerd.deku,460.7264150943396,3.4,2.875
com.amaze.filemanager,255684.4537469119,3.5517242,3.857345971563981
com.angrydoughnuts.android.alarmclock,36954.546303211355,3.2,3.9523052464228936
com.averi.worldscribe,11095.26510067114,3.69,4.028213166144201
com.banasiak.coinflip,19601.063592035756,4.51,4.420054200542006
com.beemdevelopment.aegis,84869.30449330783,4.62,4.534343434343435
com.biglybt.android.client,42722.500958956654,4.33,4.239224137931035
com.blogspot.e_kanivets.moneytracker,487.5048222650868,4.3636365,4.592592592592593
com.bottleworks.dailymoney,58860.73651863601,4.081395,4.45321992709599
com.brouken.player,138377.0089593384,4.02,4.034423407917384
com.btcontract.wallet,32394.958787165146,3.880597,3.1875
com.bytehamster.flowitgame,256.8426430517711,0.0,5.0
com.catchingnow.tinyclipboardmanager,51775.705865843396,3.8796992,4.205020920502092
com.cg.lrceditor,61886.30875377318,4.4489794,4.4600840336134455
com.codedead.deadhash,70.06511891279727,0.0,4.666666666666667
com.daemon.ssh,62.29333333333333,0.0,5.0
com.danhasting.radar,917.8290308929327,3.56,3.3529411764705883
com.danielme.muspyforandroid,652.8574620196604,4.0,4.4
com.dimowner.audiorecorder,143094.15799432356,4.08,4.248640248640249
com.doubleangels.nextdnsmanagement,69455.94984802433,4.395349,4.3700787401574805
com.dozingcatsoftware.asciicam,36992.5850193715,4.31,4.050295857988166
com.dozingcatsoftware.bouncy,14453.785083415114,4.49,4.354679802955665
com.dozingcatsoftware.vectorcamera,11263.240702901512,4.1384616,3.82
com.drnoob.datamonitor,105579.15036674817,4.3030305,4.147651006711409
com.ds.avare,35263.279594137544,4.7873683,4.665835411471321
com.easyfitness,555.9909365558913,3.6666667,4.375
com.eletac.tronwallet,13067.74111675127,4.1,3.934131736526946
com.eleybourn.bookcatalogue,36316.46659116648,3.72,4.153735632183908
com.emanuelef.remote_capture,73948.0441898527,4.38,4.253658536585366
com.ensoft.imgurviewer,4113.152243589743,4.4929576,4.5
com.espruino.gadgetbridge.banglejs,15256.565476190477,3.1666667,2.7857142857142856
com.fabienli.dokuwiki,585.921052631579,2.5,3.3076923076923075
com.faltenreich.diaguard,3566.671091053889,4.0,4.238095238095238
com.farmerbb.secondscreen.free,430745.49162901944,4.14,3.7457142857142856
com.farmerbb.taskbar,521716.4337628015,4.18,4.095213849287169
com.fivasim.antikythera,1636.9302417756637,4.0,4.348837209302325
com.flauschcode.broccoli,420.77249575551787,5.0,5.0
com.fmsys.snapdrop,1061401.3383458648,3.62,2.8018617021276597
com.gianlu.aria2android,1738.3186738836266,4.3333335,4.181818181818182
com.gianlu.aria2app,6936.685356200527,4.3,4.318181818181818
com.gianlu.dnshero,1915.3436630909814,4.0833335,4.142857142857143
com.gianlu.pretendyourexyzzy,26561.551526717558,3.43,3.1875
com.github.ashutoshgngwr.tenbitclockwidget,363.01321928460345,4.2727275,4.066666666666666
com.github.axet.hourlyreminder,22255.906654052353,3.61,3.777188328912467
com.github.catfriend1.syncthingandroid,12847.828638497653,4.41,4.26530612244898
com.github.cetoolbox,88.10043144774689,0.0,0.0
com.github.siggel.coordinatejoker,653.75,0.0,0.0
com.google.android.apps.authenticator2,16101036.67751736,3.8221395,3.2930200185602545
com.google.android.gms,1620122689.5642602,4.274837,4.286314009661836
com.gpl.rpg.AndorsTrail,72775.04315417811,4.3649635,4.274872620005364
com.haringeymobile.ukweather,511.3407676348547,4.0,3.6363636363636362
com.headi.app,35.41471048513302,0.0,4.0
com.ihunda.android.binauralbeat,95216.42475776153,4.322034,4.383384405856316
com.ilm.sandwich,6807.12204206836,3.7457628,3.622950819672131
com.indieweb.indigenous,156.35898576512457,0.0,4.428571428571429
com.infonuascape.osrshelper,9771.311590145579,3.84,3.7682119205298013
com.jarsilio.android.waveup.tasker,12.652310924369745,0.0,0.0
com.javiersantos.mlmanager,65015.85001450536,3.91,4.033834586466165
com.javiersantos.mlmanagerpro,454.5626651012622,4.536232,4.243243243243243
com.knirirr.beecount,5213.318230852212,4.6,4.712820512820513
com.kunzisoft.keyboard.switcher,56664.44539982803,4.5,4.4332247557003255
com.llamacorp.equate,2358.8059914407986,4.826923,4.7560975609756095
com.lloydtorres.stately,13234.502814258913,3.980198,4.11214953271028
com.maforn.timedshutdown,28992.685025817555,4.3333335,3.4893617021276597
com.manichord.mgit,7907.338104976142,3.5180724,3.1319444444444446
com.markusborg.test,50.87221396731054,0.0,5.0
com.mattermost.mattermost,8533.843591370558,2.7457628,2.2288135593220337
com.maxistar.textpad,90010.0809810273,4.24,3.809055118110236
com.minar.randomix,2242.9708866343185,4.73,4.703947368421052
com.mirfatif.permissionmanagerx,679.3194254445964,4.4545455,3.9285714285714284
com.mkulesh.micromath.plus,174.2775259930685,4.5,4.482758620689655
com.mkulesh.onpc,11205.381218038123,4.5384617,4.577586206896552
com.ml.proximitysensorfix,78880.53172737955,4.0416665,3.4025974025974026
com.nextcloud.client,264259.5234986945,4.759524,3.4753941710463447
com.nicue.onetwo,159.4699192956713,5.0,4.666666666666667
com.nucc.hackwinds,31.341333333333342,4.909091,5.0
com.ominous.batterynotification,1852.3659980269647,3.909091,3.9047619047619047
com.ominous.quickweather,357.10422812192724,4.090909,3.7333333333333334
com.openathena,111.96992481203007,0.0,0.0
com.pcinpact,674.7598998634503,0.0,3.25
com.phpsysinfo,4095.0052842950745,4.5384617,4.545454545454546
com.pindroid,1900.0898321816387,4.072464,3.76875
com.poupa.vinylmusicplayer,13775.684,3.76,4.0
com.powerpoint45.lucidbrowser,4587.216012477255,3.6964285,3.9747899159663866
com.reminimalism.materialslivewallpaper,61.94217473287241,0.0,5.0
com.samebits.beacon.locator,2850.3089102763115,3.2142856,3.05
com.seafile.seadroid2,14288.82408724514,3.98,3.3555555555555556
com.secuso.privacyFriendlyCodeScanner,15241.903347732181,4.5,4.232
com.serwylo.lexica,1157.6345113021332,4.6086955,4.416666666666667
com.shatteredpixel.shatteredpixeldungeon,441530.0432432432,4.7780247,4.633315120885125
com.smartpack.busyboxinstaller,12005.153799758746,3.7714286,3.608695652173913
com.smartpack.packagemanager,26471.109493302272,4.0434785,4.074626865671642
com.sunilpaulmathew.debloater,518.2098765432098,4.5555553,4.461538461538462
com.sunilpaulmathew.snotz,258.2312925170068,3.857143,4.7272727272727275
com.sunilpaulmathew.translator,545.9066487575553,3.0,4.111111111111111
com.tananaev.passportreader,4803.908596995845,2.3529413,2.5846153846153848
com.termoneplus,206914.84358523728,3.871795,3.6455696202531644
com.termux,3348933.9434349355,4.1335807,4.277831681079941
com.thibaudperso.sonycamera,36777.58869741511,3.2,3.288659793814433
com.tortel.syslog,29937.516196205463,4.22,3.982905982905983
com.trianguloy.urlchecker,16664.222972972973,4.609375,4.470588235294118
com.vincent_falzon.discreetlauncher,50063.51976137211,3.9166667,4.297297297297297
com.vincentengelsoftware.vesandroidimagecompare,4365.233881163085,4.75,4.838709677419355
com.winston69.simpill,642.1104815864023,3.3333333,3.6470588235294117
com.workingagenda.democracydroid,3115.198583743842,4.73,4.417582417582418
com.zorinos.zorin_connect,43318.17872753764,4.18,4.029508196721311
cos.premy.mines,20.922654102866115,0.0,5.0
de.arnowelzel.android.periodical,1440.0894610517128,4.904762,4.625
de.binary_kitchen.doorlock_app,19.88263950398583,0.0,5.0
de.bulling.barcodebuddyscanner,1303.5401678657072,0.0,4.0
de.cwde.freeshisen,3694.7026328161737,4.2045455,4.037037037037037
de.danoeh.antennapod,95901.32887402453,4.825354,4.627961026191115
de.duenndns.gmdice,3253.936170212766,4.0454545,4.5
de.eknoes.inofficialgolem,2999.5165968417664,0.0,3.75
de.hampager.dapnetmobile,701.1420204978039,0.0,0.0
de.j4velin.wifiAutoOff,338400.6586384861,4.2,4.004065040650406
de.kromke.andreas.cameradatefolders,39.994232987312564,0.0,0.0
de.kromke.andreas.musictagger,93.16540722082284,0.0,3.0
de.kromke.andreas.opus1musicplayer,311.29739130434785,3.6,4.142857142857143
de.kromke.andreas.unpopmusicplayerfree,223.78315132605306,4.2222223,4.0
de.luhmer.owncloudnewsreader,566.1955481091431,4.44,4.471698113207547
de.markusfisch.android.pielauncher,27022.310286677908,3.9302325,4.062893081761007
de.markusfisch.android.shadereditor,5860.569544364508,4.8,4.694300518134715
de.markusfisch.android.wavelines,176.2266906313188,4.5454545,4.25
de.onyxbits.textfiction,15836.504290762243,4.07,4.191919191919192
de.quaddyservices.dynamicnightlight,964.3198482932996,0.0,2.6666666666666665
de.rampro.activitydiary,422.8146089718142,0.0,4.166666666666667
de.reimardoeffinger.quickdic,10547.380101280904,4.4883723,4.445859872611465
de.schildbach.wallet,771791.5847542627,3.9605262,3.634871979805265
de.schildbach.wallet_test,6678.306600863665,4.415385,3.3972602739726026
de.sesu8642.feudaltactics,189.54545454545453,4.6666665,4.666666666666667
de.stephanlindauer.criticalmaps,5549.366740088106,4.428571,4.269230769230769
de.syss.MifareClassicTool,130193.41652734656,4.63,4.055555555555555
de.tadris.fitness,2675.8140161725064,4.55,4.479166666666667
de.tobiasbielefeld.searchbar,4740.103335750544,3.6666667,3.810810810810811
de.tobiasbielefeld.solitaire,15882.88768238887,3.6,4.177111716621253
de.varengold.activeTAN,295.6793279766253,0.0,0.0
de.wellenvogel.bonjourbrowser,3853.3777120315585,3.7058823,3.0416666666666665
de.yazo_games.mensaguthaben,5084.322929171668,5.0,4.03125
dev.patri9ck.a2ln,230.2372685185185,0.0,2.5
dev.ukanth.ufirewall,74623.10832566697,4.33,3.9975922953451044
dnsfilter.android,165498.85538039755,4.45,4.480382775119617
ee.ioc.phon.android.speak,1636.986170212766,1.0,2.75
eu.faircode.email,165972.01785714284,4.7288136,4.747103825136612
eu.faircode.netguard,1005068.8207547171,4.3411765,4.2370489820600685
eu.hydrologis.geopaparazzi,3128.0450397980976,3.6666667,3.6923076923076925
eu.schmidt.systems.opensyncedlists,5.572519083969465,0.0,0.0
eu.siacs.conversations,16621.016774193547,4.2,4.033492822966507
eu.veldsoft.fish.rings,12.139463387367247,0.0,0.0
eu.veldsoft.hungarian.rings,48.002481389578165,0.0,1.0
eu.veldsoft.ithaka.board.game,8.384203901825046,0.0,0.0
exa.lnx.a,158515.96255506607,3.74,3.566666666666667
fi.bitrite.android.ws,9032.206073752712,3.0777779,2.71978021978022
fr.fdesousa.bikesharinghub,10.152990264255912,0.0,0.0
fr.free.nrw.commons,17431.09814482346,4.38,3.7936507936507935
fr.gaulupeau.apps.InThePoche,3238.9893088015915,4.287879,3.6666666666666665
fr.guillaumevillena.opendnsupdater,12656.383472609099,3.511628,3.25
fr.mobdev.goblim,234.2810746973723,0.0,3.0
fr.neamar.kiss,43355.51300789243,4.32,4.442361761949391
fr.s13d.photobackup,162.44858989424208,0.0,3.0
fr.simon.marquis.preferencesmanager,33175.799950847875,1.93,2.6954314720812182
fr.simon.marquis.secretcodes,41243.37053571428,3.39,3.3093525179856114
github.daneren2005.dsub,1672.616591928251,3.83,4.403453689167975
gov.anzong.androidnga,5213.73198482933,4.6116505,4.37037037037037
hashengineering.groestlcoin.wallet,487.6822481914303,4.8,4.75
hashengineering.groestlcoin.wallet_test,30.357833655705996,0.0,0.0
im.quicksy.client,2223.6536697247707,0.0,4.333333333333333
in.sunilpaulmathew.ashell,1696.390870185449,4.125,3.769230769230769
info.guardianproject.pixelknot,17407.23649139811,3.13,2.718978102189781
info.guardianproject.ripple,3488.0877407520634,4.1296296,3.566666666666667
info.varden.hauk,318.6730769230769,5.0,5.0
info.zamojski.soft.towercollector,8327.209515096069,3.7358491,3.835294117647059
io.anuke.mindustry,1056784.84059098,4.3496146,4.417021612241679
io.github.doubi88.slideshowwallpaper,15794.681724846,3.8947368,3.942857142857143
io.github.yawnoc.strokeinput,4145.357142857143,0.0,3.0
io.oversec.one,2963.4494831610536,4.223881,4.02
io.spaceapi.community.myhackerspace,37.96365914786967,0.0,0.0
it.niedermann.owncloud.notes,9825.220381369178,4.075,3.700636942675159
it.rignanese.leo.slimfacebook,73632.19550281075,3.05,3.8646209386281587
itkach.aard2,2453.086437304521,4.5405407,4.526315789473684
jp.redmine.redmineclient,888.2721259124087,3.5,3.1333333333333333
juloo.keyboard2,40554.91679049034,4.14,4.288288288288288
me.hackerchick.catima,24936.181693989067,4.8333335,4.797979797979798
me.tsukanov.counter,271031.16910229647,4.48,4.577212806026365
menion.android.whereyougo,22422.688821752265,1.47,2.2467191601049867
ml.docilealligator.infinityforreddit,118238.70026525199,2.957944,4.0913961550583045
mn.tck.semitone,466.17734724292103,5.0,5.0
mobi.maptrek,2058.0842391304345,4.2,3.9375
mobi.omegacentauri.SendReduced,7111.128847037207,4.4155846,4.254237288135593
naman14.timber,32641.177356218013,4.15,4.033333333333333
net.artificialworlds.rabbitescape,28.21098179647866,0.0,4.947368421052632
net.christianbeier.droidvnc_ng,28570.139684813756,4.4098363,4.112359550561798
net.czlee.debatekeeper,7512.8289327712455,4.36,4.647058823529412
net.eneiluj.moneybuster,1557.0010504201678,4.6,4.083333333333333
net.gaast.giggity,968.2991844042172,4.8,4.5
net.gsantner.markor,27056.326923076922,4.7563024,4.68371467025572
net.moasdawiki.app,0.8580159849553362,0.0,0.0
net.mypapit.mobile.myposition,5009.011210762332,3.9333334,4.222222222222222
net.nhiroki.bluelineconsole,848.844241922121,4.6875,4.8
net.nitratine.priceperunit,72.71668822768434,0.0,3.5
net.osmand.plus,31739.640906332188,4.4566474,4.152263374485597
net.osmand.srtmPlugin.paid,14843.670360110802,3.8289473,3.1049723756906076
net.osmtracker,12088.79369874838,3.8181818,3.923076923076923
net.pejici.easydice,753.193670886076,3.6538463,3.7857142857142856
net.pmarks.chromadoze,6956.299015052965,4.74,4.650145772594752
net.pp3345.ykdroid,2381.5346534653468,4.92,4.314285714285714
net.reichholf.dreamdroid,51392.168721109396,4.4375,4.3201754385964914
net.tjado.passwdsafe,183.39901477832512,0.0,0.0
net.wigle.wigleandroid,69844.65753424658,4.3,4.127988748241913
nl.tsmeets.todotree,23.411078717201164,0.0,0.0
nz.org.cacophony.birdmonitor,22.597287735849058,0.0,1.0
om.sstvencoder,12813.351449275366,4.39,4.366666666666666
org.adw.launcher,1420472.7570182094,3.9359605,4.099925468483816
org.asnelt.derandom,57.23702470163752,0.0,4.5
org.atalk.android,2470.2626303127504,4.133333,3.7142857142857144
org.b3log.siyuan,2837.2617853560682,4.40625,3.1875
org.bitbatzen.wlanscanner,4225.259210526316,3.8181818,3.923076923076923
org.bombusmod,4017.6427389325613,4.0,3.3653846153846154
org.brandroid.openmanager,21460.846329798296,4.21,4.140410958904109
org.briarproject.briar.android,285690.0126156434,4.2,3.764705882352941
org.c_base.c_beam,107.71053248885761,0.0,4.75
org.dsandler.apps.markers,126993.07377049181,4.11,4.233676975945017
org.epstudios.epmobile,7634.23603902844,4.5555553,4.684210526315789
org.fedorahosted.freeotp,298985.02121817274,3.27,3.5254730713246
org.gateshipone.malp,8574.408875338753,4.4179106,4.6
org.gateshipone.odyssey,2359.2699864498645,3.8888888,4.038461538461538
org.geometerplus.fbreader.plugin.local_opds_scanner,19342.951651197927,3.8428571,3.3617021276595747
org.glpi.inventory.agent,12661.974431818182,0.0,2.875
org.hlwd.bible,73531.42615176152,4.096774,4.560209424083769
org.hwyl.sexytopo,206.2094017094017,0.0,4.461538461538462
org.joinmastodon.android,799529.1747052518,3.659864,2.6932108218478814
org.joinmastodon.android.moshinda,10224.763458401305,4.405063,4.392523364485982
org.kde.kdeconnect_tp,186925.66977428852,4.113924,4.360847495034209
org.montrealtransit.android,4689.363135914958,5.0,4.493827160493828
org.mult.daap,9933.970976253297,3.409091,3.774011299435028
org.nick.wwwjdic,20750.673148840688,4.1904764,3.990566037735849
org.nutritionfacts.dailydozen,92287.03669441876,4.928571,4.890018484288355
org.openobservatory.ooniprobe,63061.99256110521,4.16,4.031055900621118
org.osmdroid,3360.3025193414005,4.5,3.8
org.ostrya.presencepublisher,65.05740841990158,0.0,2.5
org.piwigo.android,5121.114736269712,2.1818182,2.2941176470588234
org.pocketworkstation.pckeyboard,944274.1597151578,3.918182,4.274355657279331
org.primftpd,4879.628393925449,4.326087,4.082474226804123
org.proninyaroslav.libretorrent,105857.21049046321,4.31,4.067534076827757
org.quantumbadger.redreader,20793.25922421949,4.25,4.439130434782609
org.secuso.privacyfriendly2048,419.874715261959,0.0,4.666666666666667
org.secuso.privacyfriendlyactivitytracker,2936.6363947909526,3.52,3.1272727272727274
org.secuso.privacyfriendlydame,218.4848484848485,0.0,3.8333333333333335
org.secuso.privacyfriendlydicer,375.9354937328034,0.0,5.0
org.secuso.privacyfriendlyfinancemanager,366.16400911161736,0.0,4.333333333333333
org.secuso.privacyfriendlymemory,522.3795595320028,4.285714,3.75
org.secuso.privacyfriendlypaindiary,2063.3333333333335,2.875,2.6842105263157894
org.secuso.privacyfriendlypasswordgenerator,636.3179992698065,0.0,4.666666666666667
org.secuso.privacyfriendlypausinghealthily,661.5117830146733,3.8,2.6
org.secuso.privacyfriendlypin,214.25648234926584,0.0,5.0
org.secuso.privacyfriendlysudoku,6912.093023255814,4.535211,4.079207920792079
org.secuso.privacyfriendlytapemeasure,5575.879396984925,2.8181818,3.272727272727273
org.secuso.privacyfriendlytodolist,538.6363636363636,3.3333333,3.5
org.secuso.privacyfriendlyyahtzeedicer,226.75,0.0,5.0
org.shadowice.flocke.andotp,44233.91395154553,4.26,4.340764331210191
org.simlar,1526.3898394314294,4.142857,3.8333333333333335
org.smc.inputmethod.indic,226483.81362467865,4.0096154,3.970833333333333
org.snikket.android,880.0718803910293,4.8333335,4.666666666666667
org.stingle.photos,5304.890678941311,3.75,3.607142857142857
org.sufficientlysecure.keychain,62968.72881355932,4.09901,3.591187270501836
org.sufficientlysecure.termbot,1973.0021097046413,3.891892,3.8461538461538463
org.sw24softwares.starkeverben,1717.7261563651248,0.0,4.714285714285714
org.telegram.messenger,190615741.04442808,4.2820716,3.6652916666666666
org.tengel.planisphere,170.12522907758094,0.0,5.0
org.tengel.timescale,120.4417018512504,0.0,3.8333333333333335
org.thosp.yourlocalweather,1350.7503025413473,4.181818,4.095238095238095
org.tlhInganHol.android.klingonassistant,8296.709883103082,4.4851484,4.486725663716814
org.transdroid.lite,28124.27243430838,4.49,3.7767379679144386
org.ttrssreader,2385.398281921124,4.147059,3.968421052631579
org.wheelmap.android.online,6852.271939328278,3.173913,3.176470588235294
org.xbmc.kore,866064.3037794828,4.119522,3.8004132231404957
org.yaxim.androidclient,12345.94951923077,3.877193,3.765151515151515
org.yuttadhammo.tipitaka,5408.4256623604115,3.6785715,4.300578034682081
org.zephyrsoft.sdbviewer,154.22535211267606,0.0,0.0
org.zephyrsoft.trackworktime,990.8718902580795,4.1666665,4.5625
peterfajdiga.fastdraw,535.1432291666667,0.0,4.0
privacyfriendlyshoppinglist.secuso.org.privacyfriendlyshoppinglist,1011.9431117203565,4.1666665,4.176470588235294
protect.card_locker,5102.700000000001,4.4470587,4.2727272727272725
protect.rentalcalc,26.720351390922403,0.0,4.333333333333333
protect.videoeditor,29557.629240710823,3.3733332,3.4892086330935252
rkr.simplekeyboard.inputmethod,239588.97417242633,3.95,4.330571665285833
rs.ltt.android,731.0672514619883,4.0,3.888888888888889
ru.gelin.android.sendtosd,367996.57095901,4.133603,3.430060816681147
ru.henridellal.emerald,4330.910553410554,2.2,4.2105263157894735
ru.hugeping.reinstead,46.66193181818181,0.0,0.0
ru.meefik.busybox,145332.63118214716,3.85,4.336553945249597
ru.playsoftware.j2meloader,660563.6033292733,4.45,4.382450331125828
ru.yanus171.feedexfork,1609.1368262344515,4.2222223,4.186046511627907
se.arctosoft.vault,289.2795031055901,0.0,4.0
se.leap.bitmaskclient,15651.315991799078,4.21,3.9375
se.leap.riseupvpn,135513.38687150838,4.06,4.059748427672956
se.lublin.mumla,38217.246737103786,4.0961537,4.25
slowscript.warpinator,25557.22507331378,4.4,4.281853281853282
souch.smp,986.2981603609859,4.0,4.25
subins2000.manglish,15988.290404040403,0.0,4.445783132530121
systems.sieber.fsclock,622761.5490061687,4.37,4.393461762988909
uk.co.busydoingnothing.prevo,1598.903910614525,4.6666665,4.647058823529412
uk.org.ngo.squeezer,16214.94478657889,4.51,4.277867528271406
us.koller.cameraroll,118196.37485537987,3.51,3.936662606577345
ws.xsoh.etar,6977.228699551569,4.1666665,3.79375
wseemann.media.romote,35077.57704918033,4.21,3.7333333333333334
xdsopl.robot36,35996.44648829432,4.2475247,4.326848249027237
xyz.zedler.patrick.doodle,68218.32058984162,4.5346537,4.607734806629834
xyz.zedler.patrick.grocy,8766.269938650306,4.4042554,4.3561643835616435
org.torproject.torservices,1555.7517619420516,4.142857,3.5714285714285716
allen.town.focus.mastodon,455.73055028463006,3.5555556,3.5
allen.town.focus.podcast,3209.408284023669,3.642857,4.25
androdns.android.leetdreams.ch.androdns,2842.944444444445,4.142857,4.5
app.intra,1830093.4090909092,4.104762,4.052681992337165
aws.apps.usbDeviceEnumerator,37965.177304964534,4.0,3.75
biz.binarysolutions.mindfulnessmeditation,44.863059452237806,0.0,5.0
biz.binarysolutions.vatcalculator,685.117823479006,0.0,3.0
br.odb.knights,121.1807774227902,0.0,2.0
ca.mudar.fairphone.peaceofmind,1450.3512084592144,1.0,4.4
cc.echonet.coolmicapp,3915.958009880028,3.7894738,3.972972972972973
com.aa.mynotes,140.18933539412674,0.0,5.0
com.agateau.burgerparty,6449.190837625373,3.909091,4.230769230769231
com.agateau.catgenerator,663.6708203530634,2.6341465,2.5384615384615383
com.amnesica.kryptey,555.7579185520362,0.0,3.5
com.anysoftkeyboard.languagepack.afrikaans_oss,204.7152044097382,0.0,3.5
com.anysoftkeyboard.languagepack.dutch_oss,289.08,0.0,3.5
com.appspot.usbhidterminal,2371.4306640625,4.3333335,4.5
com.aptasystems.dicewarepasswordgenerator,388.40748695918995,4.6666665,4.545454545454546
com.bagaturchess,927.8827930174564,0.0,4.588235294117647
com.bytesforge.linkasanote,89.58472998137803,0.0,4.0
com.chancehorizon.just24hoursplus,241.2049268118529,0.0,2.3333333333333335
com.chess.clock,782596.7762986165,4.6449275,4.36122244488978
com.color.colornamer,7984.745762711864,3.8863637,4.238636363636363
com.confinement.diconfinement,5110.666869671132,0.0,4.75
com.crawlmb,10819.014417661636,4.32,4.1547344110854505
com.craxiom.networksurvey,588.0,4.0,4.0
com.cweb.messenger,13.815291445874339,0.0,0.0
com.ghisguth.sun,284.3388811835414,3.5833333,3.6153846153846154
com.github.wdkapps.fillup,41548.94083526682,4.36,4.297924297924298
com.github.xfalcon.vhosts,6391.289617486338,4.1546392,3.921259842519685
com.hobbyone.HashDroid,10253.070469798658,4.01,4.1959183673469385
com.iboalali.sysnotifsnooze,29873.491972477066,4.019802,4.3526011560693645
com.jovial.jrpn,126.59990229604298,0.0,5.0
com.jstappdev.identify_dog_breeds_pro,21790.515753129046,3.969697,3.5576923076923075
com.jvillalba.apod.classic,39.14492753623188,0.0,0.0
com.jvillalba.apod.md,9.975155279503106,0.0,0.0
com.maze_squirrel,1093.6827067669171,0.0,4.666666666666667
com.mirfatif.noorulhuda,696.3775933609959,5.0,4.823529411764706
com.mobile.bummerzaehler,539.1193353474321,0.0,5.0
com.mobilepearls.sokoban,7924.4868173258,4.142857,4.382978723404255
com.nextgis.mobile,2962.8791526239766,4.6,4.111111111111111
com.noprestige.kanaquiz,169.74046610169492,0.0,5.0
com.anysoftkeyboard.languagepack.hungarian_oss,1569.898181818182,0.0,1.0
com.npes87184.s2tdroid.donate,36.56628329297821,0.0,5.0
com.olam,76712.87852760736,4.4133334,4.428478964401294
com.oml.recordtimedroid,6.487192890747517,0.0,0.0
com.paranoiaworks.unicus.android.sse,46066.97071129707,4.3762374,4.292222222222223
com.quchen.flashcard,46.95906432748538,0.0,0.0
com.rafapps.simplenotes,276.8965517241379,0.0,5.0
com.sam.hex,4664.985933780567,3.3898306,3.7708333333333335
com.sigseg.android.worldmap,249488.68509026078,3.8173914,3.711335474988527
com.sovworks.edslite,22992.631920415224,3.33,3.4486607142857144
com.spencerpages,40890.08930469913,4.1764708,4.147540983606557
com.team242.robozzle,3127.8552945859874,4.129032,4.202702702702703
com.trianguloy.adnihilation,108.40306423099588,0.0,4.0
com.trianguloy.continuousDataUsage,3184.3977133523886,4.4615383,4.153846153846154
com.tss.android,31089.729783827064,3.09,3.6954732510288064
com.wbrenna.gtfsoffline,63.62300481378261,0.0,5.0
com.xvzan.simplemoneytracker,15.637201735357918,0.0,0.0
cz.mendelu.xmarik.train_manager,23.815982404692082,0.0,0.0
de.neuwirthinformatik.alexander.archerystats,5.709987966305656,0.0,0.0
de.onyxbits.pocketbandit,1410.4684975767368,5.0,4.1875
de.z11.roboyard,76.56187122736418,0.0,5.0
eu.flatworld.android.slider,936.2830273175101,4.6,2.857142857142857
eu.toldi.infinityforlemmy,3245.953488372093,4.4117646,4.285714285714286
eu.veldsoft.brainstonz,3.252153252153252,0.0,3.0
eu.veldsoft.colors.overflow,9.844398340248963,0.0,3.0
eu.veldsoft.complica4,2.8362223550508068,0.0,0.0
eu.veldsoft.dice.overflow,6.151033386327504,0.0,5.0
eu.veldsoft.free.klondike,5.204991087344029,0.0,0.0
eu.veldsoft.house.of.cards,12.706039869086581,0.0,0.0
eu.veldsoft.kechi,6.224991800590358,0.0,0.0
eu.veldsoft.politrics,4.219653179190751,0.0,0.0
eu.veldsoft.scribe4,5.788450029922203,0.0,0.0
eu.veldsoft.svarka.odds.calculator,382.60515984296126,0.0,1.0
eu.veldsoft.tri.peaks,95.65724478594952,0.0,2.75
eu.veldsoft.tuty.fruty.slot,14.461856889414548,0.0,0.0
eu.veldsoft.vitosha.blackjack,4.540876777251185,0.0,0.0
fr.mobdev.peertubelive,2582.4314765694076,0.0,2.0
gal.sli.singal,53.52088661551578,0.0,0.0
groomiac.crocodilenote,82.15099715099713,0.0,3.2
hans.b.skewy1_0,11679.785420340975,3.8910892,3.8596491228070176
io.github.sds100.keymapper.inputmethod.latin,109857.73872679044,4.0,4.03265306122449
io.github.subhamtyagi.quickcalculation,5.165094339622642,0.0,0.0
io.pslab,558.2258771929825,4.909091,4.863309352517986
lu.fisch.canze,5554.656534954407,0.0,4.309523809523809
me.tagavari.airmessage,75948.44155844157,2.95,3.556240369799692
mobi.meddle.wehe,29276.2118873022,3.07,3.46831955922865
mobi.omegacentauri.PerApp,1406.998872604284,3.125,2.8125
net.usikkert.kouchat.android,740.1281508155054,3.6,3.92
omegacentauri.mobi.simplestopwatch,928294.2815482502,4.05,4.352777777777778
org.andresoviedo.dddmodel2,16352.896352473817,3.5,3.315068493150685
org.dkf.jmule,35413.28947368421,3.1702127,2.9012345679012346
org.dpadgett.timer,1301.6751157152303,3.6,4.28125
org.ietf.ietfsched,267.79373368146213,2.1666667,3.0
org.jf.Penroser,846.1777546777547,4.5,3.9444444444444446
org.jfedor.nxtremotecontrol,49851.244901922706,4.5,4.319727891156463
org.noise_planet.noisecapture,35143.33078977489,3.62,3.7205882352941178
org.secuso.privacyfriendlybattleship,681.624750499002,0.0,0.0
org.secuso.privacyfriendlyboardgameclock,83.93939393939394,0.0,0.0
org.secuso.privacyfriendlycircuittraining,685.0,0.0,3.6666666666666665
org.secuso.privacyfriendlyintervaltimer,590.4013997529847,0.0,5.0
org.secuso.privacyfriendlyludo,240.8562874251497,0.0,0.0
org.secuso.privacyfriendlyminesweeper,488.7175398633258,3.0,3.111111111111111
org.secuso.privacyfriendlyrecknoningskills,557.6347182229536,0.0,4.75
org.secuso.privacyfriendlysketching,199.20583869371598,3.8,3.7142857142857144
org.secuso.privacyfriendlysolitaire,424.026402640264,0.0,3.4
org.softcatala.traductor,16305.327868852459,3.6666667,3.4545454545454546
org.tmurakam.presentationtimer,13326.717361248271,2.4761906,3.111111111111111
org.us.andriod,1010.2457627118644,4.0,3.7857142857142856
org.witness.sscphase1,36085.24422644594,3.08,2.6231003039513676
pl.hypeapp.endoscope,5293.70780939775,2.875,3.25
pro.oneredpixel.l9droid,101.82660722665415,3.8,3.466666666666667
ro.ciubex.dscautorename,10451.302096815947,4.0,4.232704402515723
se.bitcraze.crazyfliecontrol2,2627.576050884956,4.347826,4.05
space.rocketnine.xenia,126.98958333333333,4.428571,3.0
tk.giesecke.painlessmesh,167.52334152334154,0.0,3.5714285714285716
uk.ac.ed.inf.mandelbrotmaps,3627.5140997830804,3.8666666,4.4
uk.ac.swansea.eduroamcat,262057.09438266323,1.89,1.7714285714285714
